{"cameraMode":{"drawMode":0,"name":"Shaded","section":"Shading Mode"},"sceneLighting":false,"audioPlay":false,"sceneViewState":{"showFog":true,"showMaterialUpdate":false,"showSkybox":false,"showFlares":true,"showImageEffects":true,"showParticleSystems":true},"in2DMode":false,"pivot":{"x":-0.0099945068359375,"y":5.954052925109863,"z":45.29999923706055},"rotation":{"x":0.16638167202472688,"y":-0.7654921412467957,"z":0.5817142724990845,"w":0.2190748006105423},"size":23.889192581176759,"orthographic":false}