{"cameraMode":{"drawMode":0,"name":"Shaded","section":"Shading Mode"},"sceneLighting":false,"audioPlay":false,"sceneViewState":{"showFog":true,"showMaterialUpdate":false,"showSkybox":false,"showFlares":true,"showImageEffects":true,"showParticleSystems":true},"in2DMode":false,"pivot":{"x":25.305221557617189,"y":-5.014807224273682,"z":-8.961610794067383},"rotation":{"x":-0.0826050266623497,"y":-0.888548731803894,"z":0.17690470814704896,"w":-0.41520005464553835},"size":9.064956665039063,"orthographic":false}